train_loss,epoch,step,validation_loss,test_loss
2.2825698852539062,0,49,,
2.132526397705078,0,99,,
,0,99,2.0183358192443848,
,1,100,2.0183358192443848,
,1,100,,2.0036680698394775
